"","x"
"1","abound"
"2","abund"
"3","access"
"4","acclaim"
"5","acclam"
"6","accolad"
"7","accommod"
"8","accomod"
"9","accomplish"
"10","accur"
"11","achiev"
"12","acumen"
"13","adapt"
"14","adequ"
"15","adjust"
"16","admir"
"17","ador"
"18","adroit"
"19","adul"
"20","adulatori"
"21","advanc"
"22","advantag"
"23","adventuresom"
"24","adventur"
"25","advoc"
"26","affabl"
"27","affect"
"28","affection"
"29","affin"
"30","affirm"
"31","affluenc"
"32","affluent"
"33","afford"
"34","aford"
"35","agil"
"36","agreeabl"
"37","all-around"
"38","allur"
"39","altruist"
"40","amaz"
"41","ambiti"
"42","amelior"
"43","amen"
"44","amiabl"
"45","amiabili"
"46","amic"
"47","amiti"
"48","ampl"
"49","ampli"
"50","amus"
"51","angel"
"52","apotheosi"
"53","appeal"
"54","applaud"
"55","appreci"
"56","appropri"
"57","approv"
"58","ardent"
"59","ardor"
"60","articul"
"61","aspir"
"62","assur"
"63","astonish"
"64","astound"
"65","astut"
"66","attent"
"67","attract"
"68","attun"
"69","audibl"
"70","auspici"
"71","authent"
"72","authorit"
"73","autonom"
"74","avail"
"75","aver"
"76","avid"
"77","award"
"78","awe"
"79","awesom"
"80","awestruck"
"81","awsom"
"82","backbon"
"83","balanc"
"84","bargain"
"85","beauteous"
"86","beauti"
"87","beautifullli"
"88","beautifi"
"89","beckon"
"90","believ"
"91","belov"
"92","benefactor"
"93","benefic"
"94","benefici"
"95","beneficiari"
"96","benefit"
"97","benevol"
"98","benifit"
"99","best"
"100","best-known"
"101","best-perform"
"102","best-sel"
"103","better"
"104","better-known"
"105","better-than-expect"
"106","beuti"
"107","blameless"
"108","bless"
"109","bliss"
"110","blith"
"111","blockbust"
"112","bloom"
"113","blossom"
"114","bolster"
"115","bonni"
"116","bonus"
"117","boom"
"118","boost"
"119","boundless"
"120","bounti"
"121","brainiest"
"122","braini"
"123","brand-new"
"124","brave"
"125","braveri"
"126","bravo"
"127","breakthrough"
"128","breathless"
"129","breathtak"
"130","breez"
"131","bright"
"132","brighten"
"133","brighter"
"134","brightest"
"135","brillianc"
"136","brilliant"
"137","brisk"
"138","brother"
"139","bullish"
"140","buoyant"
"141","cajol"
"142","calm"
"143","capabl"
"144","captiv"
"145","carefre"
"146","cashback"
"147","catchi"
"148","celebr"
"149","celebratori"
"150","champ"
"151","champion"
"152","charisma"
"153","charismat"
"154","charit"
"155","charm"
"156","chast"
"157","cheaper"
"158","cheapest"
"159","cheer"
"160","cheeri"
"161","cherish"
"162","cherub"
"163","chic"
"164","chivalr"
"165","chivalri"
"166","civil"
"167","clariti"
"168","classic"
"169","classi"
"170","clean"
"171","cleaner"
"172","cleanest"
"173","cleanli"
"174","clear"
"175","clear-cut"
"176","clearer"
"177","clever"
"178","coher"
"179","cohes"
"180","color"
"181","come"
"182","comfort"
"183","comfi"
"184","commend"
"185","commit"
"186","commodi"
"187","compact"
"188","compass"
"189","compassion"
"190","compat"
"191","competit"
"192","complement"
"193","complementari"
"194","compliant"
"195","compliment"
"196","complimentari"
"197","comprehens"
"198","concili"
"199","conciliatori"
"200","concis"
"201","confid"
"202","congeni"
"203","congratul"
"204","congratulatori"
"205","conscienti"
"206","consider"
"207","consist"
"208","construct"
"209","consumm"
"210","content"
"211","continu"
"212","contrasti"
"213","contribut"
"214","conveni"
"215","convienc"
"216","convieni"
"217","convient"
"218","convinc"
"219","cool"
"220","coolest"
"221","cooper"
"222","cornerston"
"223","correct"
"224","cost-effect"
"225","cost-sav"
"226","counter-attack"
"227","courag"
"228","courteous"
"229","court"
"230","coven"
"231","cozi"
"232","creativ"
"233","credenc"
"234","credibl"
"235","crisp"
"236","crisper"
"237","cure"
"238","cure-al"
"239","cushi"
"240","cute"
"241","dank"
"242","danken"
"243","dare"
"244","darl"
"245","dash"
"246","dauntless"
"247","dawn"
"248","dazzl"
"249","dead-cheap"
"250","dead-on"
"251","decenc"
"252","decent"
"253","decis"
"254","dedic"
"255","defeat"
"256","defend"
"257","defer"
"258","deft"
"259","deginifi"
"260","delect"
"261","delicaci"
"262","delic"
"263","delici"
"264","delight"
"265","depend"
"266","deserv"
"267","desir"
"268","destini"
"269","detach"
"270","devout"
"271","dexter"
"272","dextrous"
"273","dignifi"
"274","digniti"
"275","dilig"
"276","diplomat"
"277","dirt-cheap"
"278","distinct"
"279","distinguish"
"280","diversifi"
"281","divin"
"282","domin"
"283","dote"
"284","doubtless"
"285","dreamland"
"286","dumbfound"
"287","dummy-proof"
"288","durabl"
"289","dynam"
"290","eager"
"291","earnest"
"292","eas"
"293","easier"
"294","easiest"
"295","easi"
"296","easy-to-us"
"297","easygo"
"298","ebulli"
"299","ecenom"
"300","econom"
"301","ecstasi"
"302","ecstat"
"303","edifi"
"304","educ"
"305","effect"
"306","effectu"
"307","efficaci"
"308","effici"
"309","effortless"
"310","effus"
"311","elan"
"312","elat"
"313","electrifi"
"314","eleg"
"315","elev"
"316","elit"
"317","eloqu"
"318","embolden"
"319","emin"
"320","empath"
"321","empathi"
"322","empow"
"323","empower"
"324","enchant"
"325","encourag"
"326","endear"
"327","endors"
"328","energet"
"329","energ"
"330","energy-effici"
"331","energy-sav"
"332","engag"
"333","engross"
"334","enhanc"
"335","enjoy"
"336","enlighten"
"337","enliven"
"338","ennobl"
"339","enough"
"340","enrapt"
"341","enraptur"
"342","enrich"
"343","enterpris"
"344","entertain"
"345","enthral"
"346","enthus"
"347","enthusiasm"
"348","enthusiast"
"349","entic"
"350","entranc"
"351","entrust"
"352","enviabl"
"353","envious"
"354","envi"
"355","equit"
"356","ergonom"
"357","err-fre"
"358","erudit"
"359","ethic"
"360","eulog"
"361","euphoria"
"362","euphor"
"363","evalu"
"364","even"
"365","event"
"366","everlast"
"367","evoc"
"368","exalt"
"369","examplar"
"370","examplari"
"371","excal"
"372","exceed"
"373","excel"
"374","except"
"375","excit"
"376","excited"
"377","exel"
"378","exemplar"
"379","exemplari"
"380","exhilar"
"381","exoner"
"382","expans"
"383","expediti"
"384","expert"
"385","exquisit"
"386","extol"
"387","extraordinarili"
"388","extraordinari"
"389","exuber"
"390","exult"
"391","eye-catch"
"392","eyecatch"
"393","fabul"
"394","facilit"
"395","fair"
"396","faith"
"397","fame"
"398","famous"
"399","fancier"
"400","fancin"
"401","fanci"
"402","fanfar"
"403","fan"
"404","fantast"
"405","fascin"
"406","fashion"
"407","fast"
"408","fast-grow"
"409","fast-pac"
"410","faster"
"411","fastest"
"412","fastest-grow"
"413","faultless"
"414","fav"
"415","fave"
"416","favor"
"417","favorit"
"418","favour"
"419","fearless"
"420","feasibl"
"421","feat"
"422","feature-rich"
"423","fecilit"
"424","feisti"
"425","felicit"
"426","felic"
"427","fertil"
"428","fervent"
"429","fervid"
"430","fervor"
"431","festiv"
"432","fidel"
"433","fieri"
"434","fine"
"435","fine-look"
"436","finer"
"437","finest"
"438","firmer"
"439","first-class"
"440","first-in-class"
"441","first-rat"
"442","flashi"
"443","flatter"
"444","flawless"
"445","flexibl"
"446","flourish"
"447","fluent"
"448","flutter"
"449","fond"
"450","foolproof"
"451","foremost"
"452","foresight"
"453","formid"
"454","fortitud"
"455","fortuit"
"456","fortun"
"457","fragrant"
"458","free"
"459","freed"
"460","freedom"
"461","fresh"
"462","fresher"
"463","freshest"
"464","friendli"
"465","friend"
"466","frolic"
"467","frugal"
"468","fruit"
"469","ftw"
"470","fulfil"
"471","fun"
"472","futurest"
"473","futurist"
"474","gaieti"
"475","gaili"
"476","gain"
"477","gallant"
"478","galor"
"479","geekier"
"480","geeki"
"481","gem"
"482","generos"
"483","generous"
"484","genial"
"485","genius"
"486","gentl"
"487","gentlest"
"488","genuin"
"489","gift"
"490","glad"
"491","gladden"
"492","glamor"
"493","glee"
"494","gleeful"
"495","gleefulli"
"496","glimmer"
"497","glisten"
"498","glitter"
"499","glitz"
"500","glorifi"
"501","glorious"
"502","glori"
"503","glow"
"504","god-given"
"505","god-send"
"506","godlik"
"507","godsend"
"508","gold"
"509","golden"
"510","good"
"511","goodwil"
"512","goood"
"513","gooood"
"514","gorgeous"
"515","grace"
"516","gracious"
"517","grand"
"518","grandeur"
"519","grate"
"520","gratif"
"521","gratifi"
"522","gratitud"
"523","great"
"524","greatest"
"525","grin"
"526","groundbreak"
"527","guarante"
"528","guidanc"
"529","guiltless"
"530","gumption"
"531","gush"
"532","gusto"
"533","gutsi"
"534","hail"
"535","halcyon"
"536","hale"
"537","hallmark"
"538","hallow"
"539","handier"
"540","handili"
"541","hands-down"
"542","handsom"
"543","handi"
"544","happier"
"545","happili"
"546","happi"
"547","hard-work"
"548","hardier"
"549","hardi"
"550","harmless"
"551","harmoni"
"552","harmon"
"553","headway"
"554","heal"
"555","health"
"556","healthi"
"557","hearten"
"558","heartfelt"
"559","heartili"
"560","heartwarm"
"561","heaven"
"562","help"
"563","hero"
"564","heroic"
"565","heroin"
"566","heroiz"
"567","high-qual"
"568","high-spirit"
"569","hilari"
"570","holi"
"571","homag"
"572","honest"
"573","honesti"
"574","honor"
"575","hooray"
"576","hope"
"577","hospit"
"578","hot"
"579","hotcak"
"580","hottest"
"581","hug"
"582","human"
"583","humbl"
"584","humil"
"585","humor"
"586","humour"
"587","ideal"
"588","idol"
"589","idyl"
"590","illumin"
"591","illuminati"
"592","illustri"
"593","ilu"
"594","imacul"
"595","imagin"
"596","immacul"
"597","immens"
"598","imparti"
"599","impass"
"600","impecc"
"601","import"
"602","impress"
"603","improv"
"604","incred"
"605","indebt"
"606","individu"
"607","indulg"
"608","industri"
"609","inestim"
"610","inexpens"
"611","infal"
"612","influenti"
"613","ingeni"
"614","ingenu"
"615","innocu"
"616","innov"
"617","inpress"
"618","insight"
"619","inspir"
"620","instant"
"621","instruct"
"622","instrument"
"623","integr"
"624","intellig"
"625","interest"
"626","intimaci"
"627","intim"
"628","intric"
"629","intrigu"
"630","intuit"
"631","invalu"
"632","invent"
"633","invigor"
"634","invinc"
"635","inviol"
"636","invulner"
"637","irreplac"
"638","irreproach"
"639","irresist"
"640","issue-fre"
"641","jaw-drop"
"642","jollifi"
"643","jolli"
"644","jovial"
"645","joy"
"646","joyous"
"647","jubil"
"648","jubili"
"649","judici"
"650","just"
"651","keen"
"652","kid-friend"
"653","kindli"
"654","kind"
"655","knowledg"
"656","kudo"
"657","large-capac"
"658","laud"
"659","laudabl"
"660","lavish"
"661","law-abid"
"662","law"
"663","lead"
"664","lean"
"665","led"
"666","legendari"
"667","leverag"
"668","leviti"
"669","liber"
"670","liberti"
"671","lifesav"
"672","light-heart"
"673","lighter"
"674","likabl"
"675","like"
"676","lionheart"
"677","live"
"678","logic"
"679","long-last"
"680","lovabl"
"681","love"
"682","loveli"
"683","lover"
"684","low-cost"
"685","low-pric"
"686","low-risk"
"687","lower-pr"
"688","loyal"
"689","loyalti"
"690","lucid"
"691","luck"
"692","luckier"
"693","luckiest"
"694","lucki"
"695","lucrat"
"696","lumin"
"697","lush"
"698","luster"
"699","lustrous"
"700","luxuri"
"701","lyric"
"702","magic"
"703","magnanim"
"704","magnific"
"705","majest"
"706","majesti"
"707","manag"
"708","maneuver"
"709","marvel"
"710","master"
"711","masterpiec"
"712","masteri"
"713","matchless"
"714","matur"
"715","meaning"
"716","memor"
"717","merci"
"718","merit"
"719","meritori"
"720","merrili"
"721","merriment"
"722","merri"
"723","mesmer"
"724","meticul"
"725","mightili"
"726","mighti"
"727","mind-blow"
"728","miracl"
"729","miracul"
"730","modern"
"731","modest"
"732","modesti"
"733","moment"
"734","monument"
"735","moral"
"736","motiv"
"737","multi-purpos"
"738","navig"
"739","neat"
"740","neatest"
"741","nice"
"742","nicer"
"743","nicest"
"744","nifti"
"745","nimbl"
"746","nobl"
"747","nobli"
"748","noiseless"
"749","non-viol"
"750","notabl"
"751","noteworthi"
"752","nourish"
"753","novelti"
"754","nurtur"
"755","oasi"
"756","obsess"
"757","obtain"
"758","open"
"759","optim"
"760","optimist"
"761","opul"
"762","order"
"763","origin"
"764","outdo"
"765","outdon"
"766","outperform"
"767","outshin"
"768","outshon"
"769","outsmart"
"770","outstand"
"771","outstrip"
"772","outwit"
"773","ovat"
"774","overjoy"
"775","overtak"
"776","overtaken"
"777","overtook"
"778","overtur"
"779","pain-fre"
"780","painless"
"781","palati"
"782","pamper"
"783","pampered"
"784","panoram"
"785","paradis"
"786","paramount"
"787","pardon"
"788","passion"
"789","patienc"
"790","patient"
"791","patriot"
"792","peac"
"793","peaceabl"
"794","peacekeep"
"795","peach"
"796","peerless"
"797","pep"
"798","peppi"
"799","perfect"
"800","permiss"
"801","persever"
"802","personag"
"803","person"
"804","phenomen"
"805","picturesqu"
"806","pieti"
"807","pinnacl"
"808","play"
"809","pleasant"
"810","pleas"
"811","pleasur"
"812","plenti"
"813","pluse"
"814","plush"
"815","pluss"
"816","poetic"
"817","poignant"
"818","pois"
"819","polish"
"820","polit"
"821","popular"
"822","portabl"
"823","posh"
"824","posit"
"825","power"
"826","prais"
"827","praiseworthi"
"828","pre-emin"
"829","precious"
"830","precis"
"831","preemin"
"832","prefer"
"833","premier"
"834","prestig"
"835","prestigi"
"836","prettili"
"837","pretti"
"838","priceless"
"839","pride"
"840","principl"
"841","privileg"
"842","prize"
"843","proactiv"
"844","problem-fre"
"845","problem-solv"
"846","prodigi"
"847","product"
"848","profici"
"849","profound"
"850","profus"
"851","progress"
"852","prolif"
"853","promin"
"854","promis"
"855","promot"
"856","prompt"
"857","proper"
"858","propiti"
"859","pros"
"860","prosper"
"861","prospro"
"862","protect"
"863","proud"
"864","proven"
"865","prove"
"866","provid"
"867","prowess"
"868","prudenc"
"869","prudent"
"870","punctual"
"871","pure"
"872","purifi"
"873","purpos"
"874","quaint"
"875","qualifi"
"876","quicker"
"877","quiet"
"878","quieter"
"879","radianc"
"880","radiant"
"881","rapid"
"882","rapport"
"883","rapt"
"884","raptur"
"885","ration"
"886","razor-sharp"
"887","reachabl"
"888","readabl"
"889","readili"
"890","readi"
"891","reaffirm"
"892","realist"
"893","realiz"
"894","reason"
"895","reassur"
"896","recept"
"897","reclaim"
"898","recomend"
"899","recommend"
"900","reconcil"
"901","reconcili"
"902","record-set"
"903","recov"
"904","recoveri"
"905","rectif"
"906","rectifi"
"907","redeem"
"908","redempt"
"909","refin"
"910","reform"
"911","refresh"
"912","refund"
"913","regal"
"914","regard"
"915","rejoic"
"916","rejuven"
"917","relax"
"918","relent"
"919","reliabl"
"920","relief"
"921","relish"
"922","remark"
"923","remedi"
"924","remiss"
"925","remuner"
"926","renaiss"
"927","renew"
"928","renown"
"929","replac"
"930","reput"
"931","resili"
"932","resolut"
"933","resound"
"934","resourc"
"935","respect"
"936","respit"
"937","resplend"
"938","respons"
"939","rest"
"940","restor"
"941","restructur"
"942","retract"
"943","revel"
"944","rever"
"945","revit"
"946","reviv"
"947","revolutionari"
"948","revolution"
"949","reward"
"950","rich"
"951","richer"
"952","right"
"953","righten"
"954","righteous"
"955","risk-fre"
"956","robust"
"957","rock-star"
"958","rockstar"
"959","romant"
"960","romantic"
"961","roomier"
"962","roomi"
"963","rosi"
"964","safe"
"965","sagac"
"966","sage"
"967","saint"
"968","saintli"
"969","salutari"
"970","salut"
"971","sane"
"972","satisfactorili"
"973","satisfactori"
"974","satisfi"
"975","satisifi"
"976","saver"
"977","save"
"978","savior"
"979","savvi"
"980","scenic"
"981","seamless"
"982","season"
"983","secur"
"984","select"
"985","self-determin"
"986","self-respect"
"987","self-satisfact"
"988","self-suffici"
"989","sensat"
"990","sensibl"
"991","sensit"
"992","seren"
"993","sexi"
"994","sharp"
"995","sharper"
"996","sharpest"
"997","shimmer"
"998","shine"
"999","shini"
"1000","signific"
"1001","silent"
"1002","simpler"
"1003","simplest"
"1004","simplifi"
"1005","sincer"
"1006","skill"
"1007","slammin"
"1008","sleek"
"1009","slick"
"1010","smart"
"1011","smarter"
"1012","smartest"
"1013","smile"
"1014","smitten"
"1015","smooth"
"1016","smoother"
"1017","smoothest"
"1018","snappi"
"1019","snazzi"
"1020","sociabl"
"1021","soft"
"1022","softer"
"1023","solac"
"1024","solicit"
"1025","solid"
"1026","solidar"
"1027","sooth"
"1028","sophist"
"1029","soul"
"1030","sound"
"1031","spacious"
"1032","sparkl"
"1033","spectacular"
"1034","speedili"
"1035","speedi"
"1036","spellbind"
"1037","spellbound"
"1038","spirit"
"1039","spiritu"
"1040","splendid"
"1041","splendor"
"1042","spontan"
"1043","sporti"
"1044","spotless"
"1045","spright"
"1046","stabil"
"1047","stabl"
"1048","stainless"
"1049","standout"
"1050","state-of-the-art"
"1051","state"
"1052","statuesqu"
"1053","staunch"
"1054","steadfast"
"1055","steadiest"
"1056","steadi"
"1057","stellar"
"1058","stimul"
"1059","stir"
"1060","straighten"
"1061","straightforward"
"1062","streamlin"
"1063","strike"
"1064","strive"
"1065","strong"
"1066","stronger"
"1067","strongest"
"1068","stun"
"1069","stupend"
"1070","sturdier"
"1071","sturdi"
"1072","stylish"
"1073","styliz"
"1074","suav"
"1075","sublim"
"1076","subsid"
"1077","substant"
"1078","succeed"
"1079","succ"
"1080","success"
"1081","suffic"
"1082","suffici"
"1083","suitabl"
"1084","sumptuous"
"1085","super"
"1086","superb"
"1087","superbl"
"1088","superior"
"1089","suppl"
"1090","support"
"1091","supremaci"
"1092","suprem"
"1093","supurb"
"1094","supurbl"
"1095","surmount"
"1096","surpass"
"1097","surreal"
"1098","surviv"
"1099","survivor"
"1100","sustain"
"1101","swank"
"1102","swankier"
"1103","swankiest"
"1104","swanki"
"1105","sweep"
"1106","sweet"
"1107","sweeten"
"1108","sweetheart"
"1109","swift"
"1110","talent"
"1111","tantal"
"1112","tempt"
"1113","tenaci"
"1114","tenac"
"1115","tender"
"1116","terrif"
"1117","thank"
"1118","thinner"
"1119","thought"
"1120","thrift"
"1121","thrifti"
"1122","thrill"
"1123","thrive"
"1124","thumb-up"
"1125","thumbs-up"
"1126","tickl"
"1127","tidi"
"1128","time-honor"
"1129","time"
"1130","tingl"
"1131","titil"
"1132","togeth"
"1133","toler"
"1134","toll-fre"
"1135","top"
"1136","top-notch"
"1137","top-qual"
"1138","topnotch"
"1139","tough"
"1140","tougher"
"1141","toughest"
"1142","traction"
"1143","tranquil"
"1144","transpar"
"1145","treasur"
"1146","tremend"
"1147","trendi"
"1148","triumph"
"1149","triumphal"
"1150","triumphant"
"1151","trivial"
"1152","trophi"
"1153","trouble-fre"
"1154","trump"
"1155","trumpet"
"1156","trust"
"1157","trustworthi"
"1158","trusti"
"1159","truth"
"1160","twink"
"1161","ultra-crisp"
"1162","unabash"
"1163","unaffect"
"1164","unassail"
"1165","unbeat"
"1166","unbias"
"1167","unbound"
"1168","uncompl"
"1169","uncondit"
"1170","undamag"
"1171","undaunt"
"1172","understand"
"1173","undisput"
"1174","unencumb"
"1175","unequivoc"
"1176","unfaz"
"1177","unfett"
"1178","unforgett"
"1179","uniti"
"1180","unlimit"
"1181","unmatch"
"1182","unparallel"
"1183","unquestion"
"1184","unreal"
"1185","unrestrict"
"1186","unriv"
"1187","unselfish"
"1188","unwav"
"1189","upbeat"
"1190","upgrad"
"1191","upheld"
"1192","uphold"
"1193","uplift"
"1194","upscal"
"1195","usabl"
"1196","useabl"
"1197","use"
"1198","user-friend"
"1199","user-replac"
"1200","valiant"
"1201","valor"
"1202","valuabl"
"1203","varieti"
"1204","vener"
"1205","verifi"
"1206","verit"
"1207","versatil"
"1208","vibrant"
"1209","victori"
"1210","viewabl"
"1211","vigil"
"1212","virtu"
"1213","virtuous"
"1214","visionari"
"1215","vivaci"
"1216","vivid"
"1217","vouch"
"1218","vouchsaf"
"1219","warm"
"1220","warmer"
"1221","warmheart"
"1222","warmth"
"1223","wealthi"
"1224","welcom"
"1225","well"
"1226","well-backlit"
"1227","well-balanc"
"1228","well-behav"
"1229","well-b"
"1230","well-br"
"1231","well-connect"
"1232","well-educ"
"1233","well-establish"
"1234","well-inform"
"1235","well-intent"
"1236","well-known"
"1237","well-mad"
"1238","well-manag"
"1239","well-mann"
"1240","well-posit"
"1241","well-receiv"
"1242","well-regard"
"1243","well-round"
"1244","well-run"
"1245","well-wish"
"1246","wellb"
"1247","whoa"
"1248","wholeheart"
"1249","wholesom"
"1250","whooa"
"1251","whoooa"
"1252","wieldi"
"1253","will"
"1254","willing"
"1255","win"
"1256","windfal"
"1257","winnabl"
"1258","winner"
"1259","wisdom"
"1260","wise"
"1261","witti"
"1262","won"
"1263","wonder"
"1264","wondrous"
"1265","woo"
"1266","work"
"1267","workabl"
"1268","world-fam"
"1269","worth"
"1270","worth-whil"
"1271","worthi"
"1272","worthwhil"
"1273","wow"
"1274","yay"
"1275","youth"
"1276","zeal"
"1277","zenith"
"1278","zest"
"1279","zippi"
